{"cameraMode":{"drawMode":0,"name":"Shaded","section":"Shading Mode"},"sceneLighting":true,"audioPlay":false,"sceneViewState":{"showFog":false,"showMaterialUpdate":false,"showSkybox":false,"showFlares":false,"showImageEffects":false,"showParticleSystems":false},"in2DMode":false,"pivot":{"x":-9.279715538024903,"y":8.140913009643555,"z":3.2225465774536135},"rotation":{"x":-0.31816917657852175,"y":-0.6385317444801331,"z":0.3280523419380188,"w":-0.6192511916160584},"size":2.4073948860168459,"orthographic":false}